{
  "ffn_mode": "VFE_dynamic",
  "pure_fep": false,
  "final_loss": 8.517243812084198,
  "final_ppl": 124.65180969238281,
  "random_ppl": 50257,
  "improvement": 403.1790643394974,
  "total_params": 39204421,
  "vocab_size": 50257,
  "checkpoint": "checkpoints_publication\\ffn_VFE_dynamic\\best_model.pt",
  "total_steps": 100000,
  "tokens_seen": 102400000,
  "dataset_tokens": 116840304,
  "dataset_coverage": 0.8764099073210216,
  "batch_size": 16,
  "seq_len": 64,
  "test_loss": 4.791046957492829,
  "test_ppl": 120.42738503791807,
  "test_bpc": 6.91201968624106,
  "test_improvement": 417.32202342661475
}